{"cameraMode":{"drawMode":0,"name":"Shaded","section":"Shading Mode"},"sceneLighting":false,"audioPlay":false,"sceneViewState":{"showFog":true,"showMaterialUpdate":false,"showSkybox":false,"showFlares":true,"showImageEffects":true,"showParticleSystems":true},"in2DMode":false,"pivot":{"x":0.30849266052246096,"y":1.0469945669174195,"z":-5.995580673217773},"rotation":{"x":-0.004623548127710819,"y":-0.9419363141059876,"z":0.33564943075180056,"w":-0.013334600254893303},"size":5.6617302894592289,"orthographic":false}