{"cameraMode":{"drawMode":0,"name":"Shaded","section":"Shading Mode"},"sceneLighting":false,"audioPlay":false,"sceneViewState":{"showFog":true,"showMaterialUpdate":false,"showSkybox":false,"showFlares":true,"showImageEffects":true,"showParticleSystems":true},"in2DMode":false,"pivot":{"x":-0.4541435241699219,"y":1.046994686126709,"z":-2.8593838214874269},"rotation":{"x":-0.004623548127710819,"y":-0.9419363141059876,"z":0.33564943075180056,"w":-0.013334600254893303},"size":7.02622652053833,"orthographic":false}