{"cameraMode":{"drawMode":0,"name":"Shaded","section":"Shading Mode"},"sceneLighting":false,"audioPlay":false,"sceneViewState":{"showFog":true,"showMaterialUpdate":false,"showSkybox":false,"showFlares":true,"showImageEffects":true,"showParticleSystems":true},"in2DMode":false,"pivot":{"x":0.00694766640663147,"y":0.01177339255809784,"z":0.0016698837280273438},"rotation":{"x":0.24566905200481416,"y":-0.5039321184158325,"z":0.15160605311393739,"w":0.8142560124397278},"size":0.23103387653827668,"orthographic":false}