{"cameraMode":{"drawMode":0,"name":"Shaded","section":"Shading Mode"},"sceneLighting":true,"audioPlay":false,"sceneViewState":{"showFog":true,"showMaterialUpdate":false,"showSkybox":true,"showFlares":true,"showImageEffects":true,"showParticleSystems":true},"in2DMode":false,"pivot":{"x":-18.155710220336915,"y":-50.57068634033203,"z":-473.16845703125},"rotation":{"x":0.12554492056369782,"y":-0.8158719539642334,"z":0.1918582171201706,"w":0.5311151146888733},"size":155.55865478515626,"orthographic":false}