{"cameraMode":{"drawMode":0,"name":"Shaded","section":"Shading Mode"},"sceneLighting":false,"audioPlay":false,"sceneViewState":{"showFog":true,"showMaterialUpdate":false,"showSkybox":false,"showFlares":true,"showImageEffects":true,"showParticleSystems":true},"in2DMode":false,"pivot":{"x":-0.7514736652374268,"y":1.2860586643218995,"z":3.1584267616271974},"rotation":{"x":-0.004623548127710819,"y":-0.9419363141059876,"z":0.33564943075180056,"w":-0.013334600254893303},"size":1.9352662563323975,"orthographic":false}