{"cameraMode":{"drawMode":0,"name":"Shaded","section":"Shading Mode"},"sceneLighting":false,"audioPlay":false,"sceneViewState":{"showFog":true,"showMaterialUpdate":false,"showSkybox":false,"showFlares":true,"showImageEffects":true,"showParticleSystems":true},"in2DMode":false,"pivot":{"x":-0.09233769029378891,"y":3.5826990604400636,"z":2.345484495162964},"rotation":{"x":0.005925454199314117,"y":-0.9423921704292297,"z":0.33421552181243899,"w":0.016347074881196023},"size":1.768971562385559,"orthographic":false}