{"cameraMode":{"drawMode":0,"name":"Shaded","section":"Shading Mode"},"sceneLighting":false,"audioPlay":false,"sceneViewState":{"showFog":true,"showMaterialUpdate":false,"showSkybox":false,"showFlares":true,"showImageEffects":true,"showParticleSystems":true},"in2DMode":false,"pivot":{"x":3.9945061206817629,"y":2.942760467529297,"z":-2.006359815597534},"rotation":{"x":0.24566905200481416,"y":-0.5039321184158325,"z":0.15160605311393739,"w":0.8142560124397278},"size":-1.0715618133544922,"orthographic":false}