{"cameraMode":{"drawMode":0,"name":"Shaded","section":"Shading Mode"},"sceneLighting":false,"audioPlay":false,"sceneViewState":{"showFog":true,"showMaterialUpdate":false,"showSkybox":false,"showFlares":true,"showImageEffects":true,"showParticleSystems":true},"in2DMode":false,"pivot":{"x":0.03947359323501587,"y":0.5574359893798828,"z":0.011028647422790528},"rotation":{"x":0.24566905200481416,"y":-0.5039321184158325,"z":0.15160605311393739,"w":0.8142560124397278},"size":0.9066330790519714,"orthographic":false}